fecha,dolar_observado,anio,mes,dia,trimestre
2020-01-02,748.74,2020,1,2,1
2020-01-03,754.16,2020,1,3,1
2020-01-06,758.49,2020,1,6,1
2020-01-07,771.82,2020,1,7,1
2020-01-08,773.12,2020,1,8,1
2020-01-09,766.83,2020,1,9,1
2020-01-10,764.69,2020,1,10,1
2020-01-13,770.56,2020,1,13,1
2020-01-14,777.66,2020,1,14,1
2020-01-15,772.29,2020,1,15,1
2020-01-16,772.01,2020,1,16,1
2020-01-17,773.36,2020,1,17,1
2020-01-20,771.38,2020,1,20,1
2020-01-21,769.93,2020,1,21,1
2020-01-22,770.5,2020,1,22,1
2020-01-23,772.12,2020,1,23,1
2020-01-24,771.94,2020,1,24,1
2020-01-27,776.52,2020,1,27,1
2020-01-28,787.86,2020,1,28,1
2020-01-29,788.13,2020,1,29,1
2020-01-30,788.18,2020,1,30,1
2020-01-31,797.96,2020,1,31,1
2020-02-03,799.11,2020,2,3,1
2020-02-04,790.92,2020,2,4,1
2020-02-05,781.78,2020,2,5,1
2020-02-06,776.99,2020,2,6,1
2020-02-07,779.12,2020,2,7,1
2020-02-10,788.8,2020,2,10,1
2020-02-11,795.88,2020,2,11,1
2020-02-12,792.48,2020,2,12,1
2020-02-13,788.33,2020,2,13,1
2020-02-14,795.12,2020,2,14,1
2020-02-17,792.73,2020,2,17,1
2020-02-18,791.95,2020,2,18,1
2020-02-19,796.9,2020,2,19,1
2020-02-20,797.4,2020,2,20,1
2020-02-21,804.74,2020,2,21,1
2020-02-24,809.82,2020,2,24,1
2020-02-25,810.2,2020,2,25,1
2020-02-26,807.96,2020,2,26,1
2020-02-27,811.1,2020,2,27,1
2020-02-28,816.26,2020,2,28,1
2020-03-02,818.32,2020,3,2,1
2020-03-03,817.45,2020,3,3,1
2020-03-04,809.81,2020,3,4,1
2020-03-05,812.19,2020,3,5,1
2020-03-06,823.28,2020,3,6,1
2020-03-09,828.95,2020,3,9,1
2020-03-10,841.06,2020,3,10,1
2020-03-11,834.22,2020,3,11,1
2020-03-12,835.48,2020,3,12,1
2020-03-13,852.06,2020,3,13,1
2020-03-16,836.66,2020,3,16,1
2020-03-17,850.51,2020,3,17,1
2020-03-18,855.09,2020,3,18,1
2020-03-19,862.69,2020,3,19,1
2020-03-20,867.83,2020,3,20,1
2020-03-23,851.01,2020,3,23,1
2020-03-24,861.07,2020,3,24,1
2020-03-25,847.04,2020,3,25,1
2020-03-26,843.96,2020,3,26,1
2020-03-27,836.05,2020,3,27,1
2020-03-30,835.23,2020,3,30,1
2020-03-31,846.3,2020,3,31,1
2020-04-01,852.03,2020,4,1,2
2020-04-02,863.81,2020,4,2,2
2020-04-03,861.89,2020,4,3,2
2020-04-06,863.99,2020,4,6,2
2020-04-07,853.91,2020,4,7,2
2020-04-08,842.05,2020,4,8,2
2020-04-09,851.9,2020,4,9,2
2020-04-13,839.49,2020,4,13,2
2020-04-14,844.57,2020,4,14,2
2020-04-15,848.63,2020,4,15,2
2020-04-16,859.31,2020,4,16,2
2020-04-17,852.52,2020,4,17,2
2020-04-20,849.45,2020,4,20,2
2020-04-21,856.23,2020,4,21,2
2020-04-22,862.06,2020,4,22,2
2020-04-23,856.51,2020,4,23,2
2020-04-24,858.87,2020,4,24,2
2020-04-27,859.95,2020,4,27,2
2020-04-28,856.76,2020,4,28,2
2020-04-29,850.41,2020,4,29,2
2020-04-30,836.62,2020,4,30,2
2020-05-04,837.92,2020,5,4,2
2020-05-05,838.74,2020,5,5,2
2020-05-06,832.84,2020,5,6,2
2020-05-07,839.08,2020,5,7,2
2020-05-08,836.27,2020,5,8,2
2020-05-11,827.65,2020,5,11,2
2020-05-12,826.05,2020,5,12,2
2020-05-13,821.88,2020,5,13,2
2020-05-14,820.38,2020,5,14,2
2020-05-15,822.93,2020,5,15,2
2020-05-18,823.86,2020,5,18,2
2020-05-19,820.65,2020,5,19,2
2020-05-20,819.08,2020,5,20,2
2020-05-22,806.17,2020,5,22,2
2020-05-25,805.75,2020,5,25,2
2020-05-26,803.74,2020,5,26,2
2020-05-27,802.1,2020,5,27,2
2020-05-28,816.47,2020,5,28,2
2020-05-29,812.74,2020,5,29,2
2020-06-01,806.32,2020,6,1,2
2020-06-02,796.46,2020,6,2,2
2020-06-03,782.86,2020,6,3,2
2020-06-04,769.13,2020,6,4,2
2020-06-05,775.58,2020,6,5,2
2020-06-08,764.97,2020,6,8,2
2020-06-09,769.26,2020,6,9,2
2020-06-10,771.96,2020,6,10,2
2020-06-11,767.93,2020,6,11,2
2020-06-12,784.65,2020,6,12,2
2020-06-15,790.73,2020,6,15,2
2020-06-16,796.87,2020,6,16,2
2020-06-17,779.1,2020,6,17,2
2020-06-18,798.53,2020,6,18,2
2020-06-19,812.19,2020,6,19,2
2020-06-22,817.33,2020,6,22,2
2020-06-23,816.02,2020,6,23,2
2020-06-24,817.9,2020,6,24,2
2020-06-25,820.68,2020,6,25,2
2020-06-26,813.25,2020,6,26,2
2020-06-30,816.36,2020,6,30,2
2020-07-01,821.23,2020,7,1,3
2020-07-02,816.29,2020,7,2,3
2020-07-03,803.98,2020,7,3,3
2020-07-06,801.46,2020,7,6,3
2020-07-07,798.79,2020,7,7,3
2020-07-08,793.88,2020,7,8,3
2020-07-09,786.18,2020,7,9,3
2020-07-10,781.74,2020,7,10,3
2020-07-13,790.82,2020,7,13,3
2020-07-14,788.22,2020,7,14,3
2020-07-15,787.87,2020,7,15,3
2020-07-17,787.5,2020,7,17,3
2020-07-20,787.26,2020,7,20,3
2020-07-21,786.04,2020,7,21,3
2020-07-22,777.66,2020,7,22,3
2020-07-23,769.06,2020,7,23,3
2020-07-24,767.17,2020,7,24,3
2020-07-27,768.63,2020,7,27,3
2020-07-28,768.81,2020,7,28,3
2020-07-29,767.82,2020,7,29,3
2020-07-30,759.18,2020,7,30,3
2020-07-31,754.45,2020,7,31,3
2020-08-03,757.06,2020,8,3,3
2020-08-04,761.34,2020,8,4,3
2020-08-05,767.98,2020,8,5,3
2020-08-06,774.82,2020,8,6,3
2020-08-07,777.18,2020,8,7,3
2020-08-10,784.28,2020,8,10,3
2020-08-11,796.58,2020,8,11,3
2020-08-12,793.61,2020,8,12,3
2020-08-13,792.69,2020,8,13,3
2020-08-14,793.32,2020,8,14,3
2020-08-17,796.73,2020,8,17,3
2020-08-18,803.4,2020,8,18,3
2020-08-19,796.23,2020,8,19,3
2020-08-20,784.25,2020,8,20,3
2020-08-21,785.84,2020,8,21,3
2020-08-24,790.88,2020,8,24,3
2020-08-25,786.17,2020,8,25,3
2020-08-26,784.44,2020,8,26,3
2020-08-27,786.91,2020,8,27,3
2020-08-28,784.27,2020,8,28,3
2020-08-31,779.92,2020,8,31,3
2020-09-01,776.46,2020,9,1,3
2020-09-02,770.59,2020,9,2,3
2020-09-03,771.45,2020,9,3,3
2020-09-04,773.71,2020,9,4,3
2020-09-07,773.76,2020,9,7,3
2020-09-08,773.24,2020,9,8,3
2020-09-09,776.65,2020,9,9,3
2020-09-10,767.87,2020,9,10,3
2020-09-11,764.99,2020,9,11,3
2020-09-14,768.34,2020,9,14,3
2020-09-15,767.01,2020,9,15,3
2020-09-16,760.01,2020,9,16,3
2020-09-17,761.54,2020,9,17,3
2020-09-21,764.34,2020,9,21,3
2020-09-22,772.83,2020,9,22,3
2020-09-23,773.4,2020,9,23,3
2020-09-24,781.44,2020,9,24,3
2020-09-25,788.02,2020,9,25,3
2020-09-28,787.15,2020,9,28,3
2020-09-29,784.19,2020,9,29,3
2020-09-30,784.46,2020,9,30,3
2020-10-01,788.15,2020,10,1,4
2020-10-02,785.04,2020,10,2,4
2020-10-05,790.81,2020,10,5,4
2020-10-06,794.34,2020,10,6,4
2020-10-07,797.35,2020,10,7,4
2020-10-08,795.05,2020,10,8,4
2020-10-09,797.25,2020,10,9,4
2020-10-13,796.05,2020,10,13,4
2020-10-14,797.66,2020,10,14,4
2020-10-15,798.56,2020,10,15,4
2020-10-16,801.91,2020,10,16,4
2020-10-19,795.68,2020,10,19,4
2020-10-20,788.27,2020,10,20,4
2020-10-21,786.66,2020,10,21,4
2020-10-22,784.07,2020,10,22,4
2020-10-23,781.41,2020,10,23,4
2020-10-26,777.72,2020,10,26,4
2020-10-27,779.57,2020,10,27,4
2020-10-28,772.05,2020,10,28,4
2020-10-29,775.56,2020,10,29,4
2020-10-30,770.45,2020,10,30,4
2020-11-02,771.92,2020,11,2,4
2020-11-03,769.17,2020,11,3,4
2020-11-04,758.53,2020,11,4,4
2020-11-05,757.16,2020,11,5,4
2020-11-06,752.01,2020,11,6,4
2020-11-09,759.25,2020,11,9,4
2020-11-10,753.75,2020,11,10,4
2020-11-11,760.9,2020,11,11,4
2020-11-12,757.42,2020,11,12,4
2020-11-13,757.43,2020,11,13,4
2020-11-16,766.7,2020,11,16,4
2020-11-17,767.86,2020,11,17,4
2020-11-18,767.05,2020,11,18,4
2020-11-19,758.1,2020,11,19,4
2020-11-20,758.62,2020,11,20,4
2020-11-23,761.55,2020,11,23,4
2020-11-24,765.96,2020,11,24,4
2020-11-25,772.83,2020,11,25,4
2020-11-26,771.68,2020,11,26,4
2020-11-27,766.0,2020,11,27,4
2020-11-30,766.69,2020,11,30,4
2020-12-01,767.29,2020,12,1,4
2020-12-02,760.16,2020,12,2,4
2020-12-03,755.34,2020,12,3,4
2020-12-04,752.03,2020,12,4,4
2020-12-07,747.61,2020,12,7,4
2020-12-09,744.82,2020,12,9,4
2020-12-10,739.45,2020,12,10,4
2020-12-11,738.17,2020,12,11,4
2020-12-14,733.55,2020,12,14,4
2020-12-15,731.58,2020,12,15,4
2020-12-16,734.23,2020,12,16,4
2020-12-17,735.09,2020,12,17,4
2020-12-18,723.44,2020,12,18,4
2020-12-21,723.85,2020,12,21,4
2020-12-22,730.7,2020,12,22,4
2020-12-23,728.96,2020,12,23,4
2020-12-24,716.25,2020,12,24,4
2020-12-28,710.26,2020,12,28,4
2020-12-29,710.64,2020,12,29,4
2020-12-30,711.24,2020,12,30,4
2021-01-04,710.95,2021,1,4,1
2021-01-05,702.93,2021,1,5,1
2021-01-06,702.29,2021,1,6,1
2021-01-07,696.18,2021,1,7,1
2021-01-08,709.99,2021,1,8,1
2021-01-11,713.28,2021,1,11,1
2021-01-12,718.89,2021,1,12,1
2021-01-13,725.24,2021,1,13,1
2021-01-14,739.72,2021,1,14,1
2021-01-15,735.35,2021,1,15,1
2021-01-18,735.06,2021,1,18,1
2021-01-19,736.11,2021,1,19,1
2021-01-20,733.73,2021,1,20,1
2021-01-21,730.38,2021,1,21,1
2021-01-22,715.56,2021,1,22,1
2021-01-25,724.26,2021,1,25,1
2021-01-26,731.92,2021,1,26,1
2021-01-27,731.0,2021,1,27,1
2021-01-28,736.88,2021,1,28,1
2021-01-29,741.4,2021,1,29,1
2021-02-01,734.62,2021,2,1,1
2021-02-02,731.66,2021,2,2,1
2021-02-03,734.86,2021,2,3,1
2021-02-04,730.53,2021,2,4,1
2021-02-05,737.23,2021,2,5,1
2021-02-08,736.65,2021,2,8,1
2021-02-09,735.07,2021,2,9,1
2021-02-10,733.13,2021,2,10,1
2021-02-11,728.9,2021,2,11,1
2021-02-12,722.52,2021,2,12,1
2021-02-15,724.39,2021,2,15,1
2021-02-16,718.45,2021,2,16,1
2021-02-17,717.38,2021,2,17,1
2021-02-18,719.78,2021,2,18,1
2021-02-19,712.14,2021,2,19,1
2021-02-22,707.12,2021,2,22,1
2021-02-23,709.65,2021,2,23,1
2021-02-24,706.76,2021,2,24,1
2021-02-25,703.65,2021,2,25,1
2021-02-26,708.04,2021,2,26,1
2021-03-01,719.91,2021,3,1,1
2021-03-02,721.2,2021,3,2,1
2021-03-03,726.74,2021,3,3,1
2021-03-04,731.3,2021,3,4,1
2021-03-05,729.15,2021,3,5,1
2021-03-08,733.11,2021,3,8,1
2021-03-09,738.46,2021,3,9,1
2021-03-10,733.42,2021,3,10,1
2021-03-11,728.89,2021,3,11,1
2021-03-12,718.4,2021,3,12,1
2021-03-15,718.37,2021,3,15,1
2021-03-16,721.49,2021,3,16,1
2021-03-17,723.47,2021,3,17,1
2021-03-18,730.93,2021,3,18,1
2021-03-19,724.59,2021,3,19,1
2021-03-22,717.96,2021,3,22,1
2021-03-23,716.46,2021,3,23,1
2021-03-24,720.62,2021,3,24,1
2021-03-25,723.35,2021,3,25,1
2021-03-26,730.82,2021,3,26,1
2021-03-29,729.5,2021,3,29,1
2021-03-30,736.17,2021,3,30,1
2021-03-31,732.11,2021,3,31,1
2021-04-01,721.82,2021,4,1,2
2021-04-05,717.12,2021,4,5,2
2021-04-06,717.9,2021,4,6,2
2021-04-07,718.17,2021,4,7,2
2021-04-08,714.21,2021,4,8,2
2021-04-09,708.09,2021,4,9,2
2021-04-12,711.23,2021,4,12,2
2021-04-13,709.51,2021,4,13,2
2021-04-14,708.71,2021,4,14,2
2021-04-15,707.25,2021,4,15,2
2021-04-16,701.98,2021,4,16,2
2021-04-19,701.55,2021,4,19,2
2021-04-20,700.96,2021,4,20,2
2021-04-21,697.19,2021,4,21,2
2021-04-22,696.8,2021,4,22,2
2021-04-23,705.41,2021,4,23,2
2021-04-26,712.54,2021,4,26,2
2021-04-27,707.05,2021,4,27,2
2021-04-28,702.02,2021,4,28,2
2021-04-29,700.15,2021,4,29,2
2021-04-30,705.09,2021,4,30,2
2021-05-03,711.06,2021,5,3,2
2021-05-04,706.29,2021,5,4,2
2021-05-05,705.25,2021,5,5,2
2021-05-06,703.09,2021,5,6,2
2021-05-07,701.27,2021,5,7,2
2021-05-10,694.47,2021,5,10,2
2021-05-11,693.74,2021,5,11,2
2021-05-12,700.04,2021,5,12,2
2021-05-13,707.19,2021,5,13,2
2021-05-14,708.64,2021,5,14,2
2021-05-17,703.17,2021,5,17,2
2021-05-18,715.62,2021,5,18,2
2021-05-19,713.63,2021,5,19,2
2021-05-20,715.31,2021,5,20,2
2021-05-24,716.41,2021,5,24,2
2021-05-25,727.09,2021,5,25,2
2021-05-26,734.75,2021,5,26,2
2021-05-27,732.82,2021,5,27,2
2021-05-28,730.43,2021,5,28,2
2021-05-31,724.92,2021,5,31,2
2021-06-01,722.11,2021,6,1,2
2021-06-02,721.52,2021,6,2,2
2021-06-03,720.44,2021,6,3,2
2021-06-04,719.93,2021,6,4,2
2021-06-07,717.12,2021,6,7,2
2021-06-08,716.06,2021,6,8,2
2021-06-09,717.82,2021,6,9,2
2021-06-10,718.98,2021,6,10,2
2021-06-11,720.77,2021,6,11,2
2021-06-14,720.28,2021,6,14,2
2021-06-15,719.17,2021,6,15,2
2021-06-16,725.11,2021,6,16,2
2021-06-17,726.62,2021,6,17,2
2021-06-18,735.69,2021,6,18,2
2021-06-22,746.17,2021,6,22,2
2021-06-23,749.34,2021,6,23,2
2021-06-24,735.13,2021,6,24,2
2021-06-25,731.1,2021,6,25,2
2021-06-29,732.25,2021,6,29,2
2021-06-30,735.28,2021,6,30,2
2021-07-01,727.76,2021,7,1,3
2021-07-02,737.79,2021,7,2,3
2021-07-05,735.06,2021,7,5,3
2021-07-06,734.66,2021,7,6,3
2021-07-07,743.25,2021,7,7,3
2021-07-08,751.36,2021,7,8,3
2021-07-09,753.67,2021,7,9,3
2021-07-12,748.7,2021,7,12,3
2021-07-13,744.1,2021,7,13,3
2021-07-14,746.56,2021,7,14,3
2021-07-15,747.93,2021,7,15,3
2021-07-19,754.17,2021,7,19,3
2021-07-20,759.71,2021,7,20,3
2021-07-21,758.85,2021,7,21,3
2021-07-22,755.37,2021,7,22,3
2021-07-23,750.81,2021,7,23,3
2021-07-26,758.44,2021,7,26,3
2021-07-27,764.21,2021,7,27,3
2021-07-28,761.03,2021,7,28,3
2021-07-29,767.29,2021,7,29,3
2021-07-30,758.53,2021,7,30,3
2021-08-02,760.2,2021,8,2,3
2021-08-03,761.39,2021,8,3,3
2021-08-04,774.54,2021,8,4,3
2021-08-05,775.54,2021,8,5,3
2021-08-06,776.69,2021,8,6,3
2021-08-09,784.5,2021,8,9,3
2021-08-10,787.4,2021,8,10,3
2021-08-11,780.08,2021,8,11,3
2021-08-12,773.01,2021,8,12,3
2021-08-13,772.78,2021,8,13,3
2021-08-16,774.25,2021,8,16,3
2021-08-17,784.18,2021,8,17,3
2021-08-18,789.62,2021,8,18,3
2021-08-19,787.71,2021,8,19,3
2021-08-20,789.98,2021,8,20,3
2021-08-23,786.43,2021,8,23,3
2021-08-24,783.3,2021,8,24,3
2021-08-25,782.17,2021,8,25,3
2021-08-26,783.03,2021,8,26,3
2021-08-27,785.06,2021,8,27,3
2021-08-30,784.39,2021,8,30,3
2021-08-31,779.97,2021,8,31,3
2021-09-01,775.14,2021,9,1,3
2021-09-02,767.1,2021,9,2,3
2021-09-03,768.36,2021,9,3,3
2021-09-06,766.53,2021,9,6,3
2021-09-07,770.33,2021,9,7,3
2021-09-08,777.94,2021,9,8,3
2021-09-09,787.51,2021,9,9,3
2021-09-10,791.28,2021,9,10,3
2021-09-13,789.91,2021,9,13,3
2021-09-14,784.26,2021,9,14,3
2021-09-15,783.25,2021,9,15,3
2021-09-16,781.85,2021,9,16,3
2021-09-20,780.59,2021,9,20,3
2021-09-21,788.05,2021,9,21,3
2021-09-22,785.1,2021,9,22,3
2021-09-23,785.03,2021,9,23,3
2021-09-24,787.24,2021,9,24,3
2021-09-27,788.98,2021,9,27,3
2021-09-28,795.48,2021,9,28,3
2021-09-29,798.63,2021,9,29,3
2021-09-30,803.59,2021,9,30,3
2021-10-01,811.9,2021,10,1,4
2021-10-04,803.9,2021,10,4,4
2021-10-05,805.89,2021,10,5,4
2021-10-06,810.63,2021,10,6,4
2021-10-07,816.28,2021,10,7,4
2021-10-08,813.62,2021,10,8,4
2021-10-12,820.18,2021,10,12,4
2021-10-13,827.56,2021,10,13,4
2021-10-14,820.19,2021,10,14,4
2021-10-15,816.81,2021,10,15,4
2021-10-18,826.19,2021,10,18,4
2021-10-19,820.29,2021,10,19,4
2021-10-20,813.33,2021,10,20,4
2021-10-21,811.55,2021,10,21,4
2021-10-22,817.61,2021,10,22,4
2021-10-25,816.58,2021,10,25,4
2021-10-26,810.16,2021,10,26,4
2021-10-27,806.55,2021,10,27,4
2021-10-28,804.32,2021,10,28,4
2021-10-29,805.47,2021,10,29,4
2021-11-02,810.91,2021,11,2,4
2021-11-03,814.42,2021,11,3,4
2021-11-04,815.52,2021,11,4,4
2021-11-05,815.58,2021,11,5,4
2021-11-08,812.4,2021,11,8,4
2021-11-09,806.61,2021,11,9,4
2021-11-10,797.78,2021,11,10,4
2021-11-11,791.71,2021,11,11,4
2021-11-12,791.3,2021,11,12,4
2021-11-15,797.8,2021,11,15,4
2021-11-16,801.96,2021,11,16,4
2021-11-17,806.24,2021,11,17,4
2021-11-18,819.56,2021,11,18,4
2021-11-19,834.57,2021,11,19,4
2021-11-22,832.72,2021,11,22,4
2021-11-23,808.14,2021,11,23,4
2021-11-24,809.94,2021,11,24,4
2021-11-25,811.7,2021,11,25,4
2021-11-26,819.59,2021,11,26,4
2021-11-29,829.94,2021,11,29,4
2021-11-30,836.73,2021,11,30,4
2021-12-01,837.55,2021,12,1,4
2021-12-02,828.17,2021,12,2,4
2021-12-03,837.72,2021,12,3,4
2021-12-06,837.69,2021,12,6,4
2021-12-07,842.32,2021,12,7,4
2021-12-09,839.53,2021,12,9,4
2021-12-10,841.32,2021,12,10,4
2021-12-13,849.16,2021,12,13,4
2021-12-14,843.43,2021,12,14,4
2021-12-15,846.43,2021,12,15,4
2021-12-16,848.52,2021,12,16,4
2021-12-17,849.65,2021,12,17,4
2021-12-20,846.64,2021,12,20,4
2021-12-21,863.21,2021,12,21,4
2021-12-22,868.76,2021,12,22,4
2021-12-23,866.25,2021,12,23,4
2021-12-24,857.14,2021,12,24,4
2021-12-27,863.29,2021,12,27,4
2021-12-28,858.59,2021,12,28,4
2021-12-29,855.94,2021,12,29,4
2021-12-30,850.25,2021,12,30,4
2022-01-03,844.69,2022,1,3,1
2022-01-04,851.43,2022,1,4,1
2022-01-05,852.03,2022,1,5,1
2022-01-06,841.63,2022,1,6,1
2022-01-07,838.88,2022,1,7,1
2022-01-10,831.59,2022,1,10,1
2022-01-11,831.39,2022,1,11,1
2022-01-12,832.6,2022,1,12,1
2022-01-13,826.51,2022,1,13,1
2022-01-14,821.87,2022,1,14,1
2022-01-17,815.39,2022,1,17,1
2022-01-18,822.0,2022,1,18,1
2022-01-19,820.6,2022,1,19,1
2022-01-20,813.46,2022,1,20,1
2022-01-21,805.25,2022,1,21,1
2022-01-24,799.23,2022,1,24,1
2022-01-25,800.31,2022,1,25,1
2022-01-26,806.06,2022,1,26,1
2022-01-27,798.86,2022,1,27,1
2022-01-28,799.15,2022,1,28,1
2022-01-31,810.12,2022,1,31,1
2022-02-01,803.88,2022,2,1,1
2022-02-02,801.52,2022,2,2,1
2022-02-03,805.95,2022,2,3,1
2022-02-04,817.29,2022,2,4,1
2022-02-07,825.58,2022,2,7,1
2022-02-08,826.93,2022,2,8,1
2022-02-09,824.33,2022,2,9,1
2022-02-10,820.79,2022,2,10,1
2022-02-11,804.2,2022,2,11,1
2022-02-14,806.24,2022,2,14,1
2022-02-15,812.24,2022,2,15,1
2022-02-16,804.17,2022,2,16,1
2022-02-17,799.55,2022,2,17,1
2022-02-18,798.98,2022,2,18,1
2022-02-21,793.91,2022,2,21,1
2022-02-22,799.99,2022,2,22,1
2022-02-23,796.25,2022,2,23,1
2022-02-24,787.05,2022,2,24,1
2022-02-25,807.26,2022,2,25,1
2022-02-28,805.25,2022,2,28,1
2022-03-01,798.01,2022,3,1,1
2022-03-02,803.27,2022,3,2,1
2022-03-03,807.31,2022,3,3,1
2022-03-04,800.97,2022,3,4,1
2022-03-07,806.89,2022,3,7,1
2022-03-08,808.6,2022,3,8,1
2022-03-09,812.03,2022,3,9,1
2022-03-10,803.57,2022,3,10,1
2022-03-11,806.03,2022,3,11,1
2022-03-14,802.48,2022,3,14,1
2022-03-15,808.41,2022,3,15,1
2022-03-16,815.03,2022,3,16,1
2022-03-17,803.55,2022,3,17,1
2022-03-18,798.13,2022,3,18,1
2022-03-21,802.23,2022,3,21,1
2022-03-22,798.5,2022,3,22,1
2022-03-23,793.22,2022,3,23,1
2022-03-24,794.44,2022,3,24,1
2022-03-25,789.87,2022,3,25,1
2022-03-28,785.89,2022,3,28,1
2022-03-29,778.62,2022,3,29,1
2022-03-30,777.1,2022,3,30,1
2022-03-31,787.16,2022,3,31,1
2022-04-01,787.98,2022,4,1,2
2022-04-04,783.45,2022,4,4,2
2022-04-05,779.33,2022,4,5,2
2022-04-06,783.28,2022,4,6,2
2022-04-07,794.58,2022,4,7,2
2022-04-08,807.88,2022,4,8,2
2022-04-11,814.28,2022,4,11,2
2022-04-12,818.53,2022,4,12,2
2022-04-13,806.73,2022,4,13,2
2022-04-14,804.78,2022,4,14,2
2022-04-18,814.73,2022,4,18,2
2022-04-19,817.7,2022,4,19,2
2022-04-20,818.18,2022,4,20,2
2022-04-21,816.29,2022,4,21,2
2022-04-22,817.85,2022,4,22,2
2022-04-25,834.45,2022,4,25,2
2022-04-26,850.85,2022,4,26,2
2022-04-27,847.57,2022,4,27,2
2022-04-28,847.44,2022,4,28,2
2022-04-29,856.58,2022,4,29,2
2022-05-02,850.78,2022,5,2,2
2022-05-03,860.64,2022,5,3,2
2022-05-04,856.74,2022,5,4,2
2022-05-05,859.33,2022,5,5,2
2022-05-06,863.1,2022,5,6,2
2022-05-09,857.58,2022,5,9,2
2022-05-10,867.87,2022,5,10,2
2022-05-11,868.06,2022,5,11,2
2022-05-12,861.76,2022,5,12,2
2022-05-13,867.93,2022,5,13,2
2022-05-16,861.04,2022,5,16,2
2022-05-17,857.98,2022,5,17,2
2022-05-18,850.78,2022,5,18,2
2022-05-19,849.9,2022,5,19,2
2022-05-20,842.38,2022,5,20,2
2022-05-23,833.58,2022,5,23,2
2022-05-24,829.59,2022,5,24,2
2022-05-25,833.99,2022,5,25,2
2022-05-26,835.43,2022,5,26,2
2022-05-27,829.61,2022,5,27,2
2022-05-30,822.25,2022,5,30,2
2022-05-31,826.26,2022,5,31,2
2022-06-01,824.35,2022,6,1,2
2022-06-02,825.28,2022,6,2,2
2022-06-03,815.56,2022,6,3,2
2022-06-06,813.38,2022,6,6,2
2022-06-07,817.99,2022,6,7,2
2022-06-08,828.99,2022,6,8,2
2022-06-09,821.66,2022,6,9,2
2022-06-10,827.19,2022,6,10,2
2022-06-13,838.61,2022,6,13,2
2022-06-14,863.33,2022,6,14,2
2022-06-15,866.79,2022,6,15,2
2022-06-16,863.95,2022,6,16,2
2022-06-17,869.62,2022,6,17,2
2022-06-20,875.65,2022,6,20,2
2022-06-22,880.82,2022,6,22,2
2022-06-23,886.64,2022,6,23,2
2022-06-24,898.8,2022,6,24,2
2022-06-28,911.49,2022,6,28,2
2022-06-29,905.32,2022,6,29,2
2022-06-30,919.97,2022,6,30,2
2022-07-01,932.08,2022,7,1,3
2022-07-04,934.54,2022,7,4,3
2022-07-05,927.53,2022,7,5,3
2022-07-06,948.51,2022,7,6,3
2022-07-07,972.66,2022,7,7,3
2022-07-08,959.7,2022,7,8,3
2022-07-11,966.74,2022,7,11,3
2022-07-12,989.95,2022,7,12,3
2022-07-13,1008.81,2022,7,13,3
2022-07-14,1010.16,2022,7,14,3
2022-07-15,1042.97,2022,7,15,3
2022-07-18,988.22,2022,7,18,3
2022-07-19,940.9,2022,7,19,3
2022-07-20,929.83,2022,7,20,3
2022-07-21,919.93,2022,7,21,3
2022-07-22,927.49,2022,7,22,3
2022-07-25,932.83,2022,7,25,3
2022-07-26,941.03,2022,7,26,3
2022-07-27,922.04,2022,7,27,3
2022-07-28,920.49,2022,7,28,3
2022-07-29,911.42,2022,7,29,3
2022-08-01,905.1,2022,8,1,3
2022-08-02,893.19,2022,8,2,3
2022-08-03,897.22,2022,8,3,3
2022-08-04,907.82,2022,8,4,3
2022-08-05,903.91,2022,8,5,3
2022-08-08,914.49,2022,8,8,3
2022-08-09,906.03,2022,8,9,3
2022-08-10,900.78,2022,8,10,3
2022-08-11,889.38,2022,8,11,3
2022-08-12,882.33,2022,8,12,3
2022-08-16,882.72,2022,8,16,3
2022-08-17,882.2,2022,8,17,3
2022-08-18,895.76,2022,8,18,3
2022-08-19,918.2,2022,8,19,3
2022-08-22,945.35,2022,8,22,3
2022-08-23,945.47,2022,8,23,3
2022-08-24,926.94,2022,8,24,3
2022-08-25,915.6,2022,8,25,3
2022-08-26,910.03,2022,8,26,3
2022-08-29,900.22,2022,8,29,3
2022-08-30,890.9,2022,8,30,3
2022-08-31,882.11,2022,8,31,3
2022-09-01,898.04,2022,9,1,3
2022-09-02,898.24,2022,9,2,3
2022-09-05,885.52,2022,9,5,3
2022-09-06,866.28,2022,9,6,3
2022-09-07,888.51,2022,9,7,3
2022-09-08,886.34,2022,9,8,3
2022-09-09,881.04,2022,9,9,3
2022-09-12,885.15,2022,9,12,3
2022-09-13,898.69,2022,9,13,3
2022-09-14,910.27,2022,9,14,3
2022-09-15,917.11,2022,9,15,3
2022-09-20,922.6,2022,9,20,3
2022-09-21,928.25,2022,9,21,3
2022-09-22,938.82,2022,9,22,3
2022-09-23,943.07,2022,9,23,3
2022-09-26,965.18,2022,9,26,3
2022-09-27,987.07,2022,9,27,3
2022-09-28,982.83,2022,9,28,3
2022-09-29,971.14,2022,9,29,3
2022-09-30,966.0,2022,9,30,3
2022-10-03,960.24,2022,10,3,4
2022-10-04,955.42,2022,10,4,4
2022-10-05,931.12,2022,10,5,4
2022-10-06,942.02,2022,10,6,4
2022-10-07,943.92,2022,10,7,4
2022-10-11,945.06,2022,10,11,4
2022-10-12,933.88,2022,10,12,4
2022-10-13,933.14,2022,10,13,4
2022-10-14,944.75,2022,10,14,4
2022-10-17,950.72,2022,10,17,4
2022-10-18,967.73,2022,10,18,4
2022-10-19,972.03,2022,10,19,4
2022-10-20,978.06,2022,10,20,4
2022-10-21,972.08,2022,10,21,4
2022-10-24,978.49,2022,10,24,4
2022-10-25,983.91,2022,10,25,4
2022-10-26,971.12,2022,10,26,4
2022-10-27,953.0,2022,10,27,4
2022-10-28,945.31,2022,10,28,4
2022-11-02,936.35,2022,11,2,4
2022-11-03,937.79,2022,11,3,4
2022-11-04,948.74,2022,11,4,4
2022-11-07,932.37,2022,11,7,4
2022-11-08,919.58,2022,11,8,4
2022-11-09,907.35,2022,11,9,4
2022-11-10,904.42,2022,11,10,4
2022-11-11,893.54,2022,11,11,4
2022-11-14,887.46,2022,11,14,4
2022-11-15,898.72,2022,11,15,4
2022-11-16,889.14,2022,11,16,4
2022-11-17,895.68,2022,11,17,4
2022-11-18,920.86,2022,11,18,4
2022-11-21,929.3,2022,11,21,4
2022-11-22,947.06,2022,11,22,4
2022-11-23,935.29,2022,11,23,4
2022-11-24,924.63,2022,11,24,4
2022-11-25,911.96,2022,11,25,4
2022-11-28,915.81,2022,11,28,4
2022-11-29,916.36,2022,11,29,4
2022-11-30,905.7,2022,11,30,4
2022-12-01,894.82,2022,12,1,4
2022-12-02,885.77,2022,12,2,4
2022-12-05,881.87,2022,12,5,4
2022-12-06,886.26,2022,12,6,4
2022-12-07,884.74,2022,12,7,4
2022-12-09,878.58,2022,12,9,4
2022-12-12,861.51,2022,12,12,4
2022-12-13,860.03,2022,12,13,4
2022-12-14,858.07,2022,12,14,4
2022-12-15,862.85,2022,12,15,4
2022-12-16,875.56,2022,12,16,4
2022-12-19,885.99,2022,12,19,4
2022-12-20,888.27,2022,12,20,4
2022-12-21,889.65,2022,12,21,4
2022-12-22,879.48,2022,12,22,4
2022-12-23,867.01,2022,12,23,4
2022-12-26,876.22,2022,12,26,4
2022-12-27,879.19,2022,12,27,4
2022-12-28,876.75,2022,12,28,4
2022-12-29,856.76,2022,12,29,4
2022-12-30,859.51,2022,12,30,4
2023-01-03,855.86,2023,1,3,1
2023-01-04,852.14,2023,1,4,1
2023-01-05,855.1,2023,1,5,1
2023-01-06,856.31,2023,1,6,1
2023-01-09,846.38,2023,1,9,1
2023-01-10,837.19,2023,1,10,1
2023-01-11,833.73,2023,1,11,1
2023-01-12,825.67,2023,1,12,1
2023-01-13,822.32,2023,1,13,1
2023-01-16,824.33,2023,1,16,1
2023-01-17,821.59,2023,1,17,1
2023-01-18,820.89,2023,1,18,1
2023-01-19,812.45,2023,1,19,1
2023-01-20,828.74,2023,1,20,1
2023-01-23,821.02,2023,1,23,1
2023-01-24,814.11,2023,1,24,1
2023-01-25,805.45,2023,1,25,1
2023-01-26,803.68,2023,1,26,1
2023-01-27,802.58,2023,1,27,1
2023-01-30,803.14,2023,1,30,1
2023-01-31,810.37,2023,1,31,1
2023-02-01,804.28,2023,2,1,1
2023-02-02,791.8,2023,2,2,1
2023-02-03,781.49,2023,2,3,1
2023-02-06,788.88,2023,2,6,1
2023-02-07,804.79,2023,2,7,1
2023-02-08,799.46,2023,2,8,1
2023-02-09,793.19,2023,2,9,1
2023-02-10,796.27,2023,2,10,1
2023-02-13,800.78,2023,2,13,1
2023-02-14,793.79,2023,2,14,1
2023-02-15,789.49,2023,2,15,1
2023-02-16,792.62,2023,2,16,1
2023-02-17,794.35,2023,2,17,1
2023-02-20,792.25,2023,2,20,1
2023-02-21,791.7,2023,2,21,1
2023-02-22,797.75,2023,2,22,1
2023-02-23,799.42,2023,2,23,1
2023-02-24,802.93,2023,2,24,1
2023-02-27,818.67,2023,2,27,1
2023-02-28,831.24,2023,2,28,1
2023-03-01,829.97,2023,3,1,1
2023-03-02,815.24,2023,3,2,1
2023-03-03,814.56,2023,3,3,1
2023-03-06,808.91,2023,3,6,1
2023-03-07,803.0,2023,3,7,1
2023-03-08,798.18,2023,3,8,1
2023-03-09,802.88,2023,3,9,1
2023-03-10,800.88,2023,3,10,1
2023-03-13,797.19,2023,3,13,1
2023-03-14,803.14,2023,3,14,1
2023-03-15,800.71,2023,3,15,1
2023-03-16,817.42,2023,3,16,1
2023-03-17,824.65,2023,3,17,1
2023-03-20,830.65,2023,3,20,1
2023-03-21,826.35,2023,3,21,1
2023-03-22,821.55,2023,3,22,1
2023-03-23,818.76,2023,3,23,1
2023-03-24,805.23,2023,3,24,1
2023-03-27,811.48,2023,3,27,1
2023-03-28,806.58,2023,3,28,1
2023-03-29,799.76,2023,3,29,1
2023-03-30,792.18,2023,3,30,1
2023-03-31,789.32,2023,3,31,1
2023-04-03,790.41,2023,4,3,2
2023-04-04,801.28,2023,4,4,2
2023-04-05,810.64,2023,4,5,2
2023-04-06,810.22,2023,4,6,2
2023-04-10,814.64,2023,4,10,2
2023-04-11,821.49,2023,4,11,2
2023-04-12,811.75,2023,4,12,2
2023-04-13,802.89,2023,4,13,2
2023-04-14,795.81,2023,4,14,2
2023-04-17,797.28,2023,4,17,2
2023-04-18,801.26,2023,4,18,2
2023-04-19,795.23,2023,4,19,2
2023-04-20,796.93,2023,4,20,2
2023-04-21,791.64,2023,4,21,2
2023-04-24,795.96,2023,4,24,2
2023-04-25,814.75,2023,4,25,2
2023-04-26,813.9,2023,4,26,2
2023-04-27,805.21,2023,4,27,2
2023-04-28,801.61,2023,4,28,2
2023-05-02,803.3,2023,5,2,2
2023-05-03,808.75,2023,5,3,2
2023-05-04,806.03,2023,5,4,2
2023-05-05,800.54,2023,5,5,2
2023-05-08,795.46,2023,5,8,2
2023-05-09,793.43,2023,5,9,2
2023-05-10,792.46,2023,5,10,2
2023-05-11,788.15,2023,5,11,2
2023-05-12,796.38,2023,5,12,2
2023-05-15,787.0,2023,5,15,2
2023-05-16,783.35,2023,5,16,2
2023-05-17,794.44,2023,5,17,2
2023-05-18,797.24,2023,5,18,2
2023-05-19,796.04,2023,5,19,2
2023-05-22,797.0,2023,5,22,2
2023-05-23,800.24,2023,5,23,2
2023-05-24,801.71,2023,5,24,2
2023-05-25,809.03,2023,5,25,2
2023-05-26,809.24,2023,5,26,2
2023-05-29,804.11,2023,5,29,2
2023-05-30,802.14,2023,5,30,2
2023-05-31,803.94,2023,5,31,2
2023-06-01,811.61,2023,6,1,2
2023-06-02,804.6,2023,6,2,2
2023-06-05,797.97,2023,6,5,2
2023-06-06,797.74,2023,6,6,2
2023-06-07,797.79,2023,6,7,2
2023-06-08,793.47,2023,6,8,2
2023-06-09,790.75,2023,6,9,2
2023-06-12,787.2,2023,6,12,2
2023-06-13,806.84,2023,6,13,2
2023-06-14,804.38,2023,6,14,2
2023-06-15,800.12,2023,6,15,2
2023-06-16,796.97,2023,6,16,2
2023-06-19,793.35,2023,6,19,2
2023-06-20,795.63,2023,6,20,2
2023-06-22,801.9,2023,6,22,2
2023-06-23,805.02,2023,6,23,2
2023-06-27,808.21,2023,6,27,2
2023-06-28,800.33,2023,6,28,2
2023-06-29,800.89,2023,6,29,2
2023-06-30,802.68,2023,6,30,2
2023-07-03,801.66,2023,7,3,3
2023-07-04,799.29,2023,7,4,3
2023-07-05,796.47,2023,7,5,3
2023-07-06,797.87,2023,7,6,3
2023-07-07,804.49,2023,7,7,3
2023-07-10,806.52,2023,7,10,3
2023-07-11,811.98,2023,7,11,3
2023-07-12,816.78,2023,7,12,3
2023-07-13,811.24,2023,7,13,3
2023-07-14,808.61,2023,7,14,3
2023-07-17,813.44,2023,7,17,3
2023-07-18,820.76,2023,7,18,3
2023-07-19,815.58,2023,7,19,3
2023-07-20,811.43,2023,7,20,3
2023-07-21,807.62,2023,7,21,3
2023-07-24,821.95,2023,7,24,3
2023-07-25,827.1,2023,7,25,3
2023-07-26,828.9,2023,7,26,3
2023-07-27,825.8,2023,7,27,3
2023-07-28,826.01,2023,7,28,3
2023-07-31,827.84,2023,7,31,3
2023-08-01,840.69,2023,8,1,3
2023-08-02,843.02,2023,8,2,3
2023-08-03,847.77,2023,8,3,3
2023-08-04,853.99,2023,8,4,3
2023-08-07,848.5,2023,8,7,3
2023-08-08,856.1,2023,8,8,3
2023-08-09,863.22,2023,8,9,3
2023-08-10,858.68,2023,8,10,3
2023-08-11,851.7,2023,8,11,3
2023-08-14,853.3,2023,8,14,3
2023-08-16,859.03,2023,8,16,3
2023-08-17,859.87,2023,8,17,3
2023-08-18,864.72,2023,8,18,3
2023-08-21,867.95,2023,8,21,3
2023-08-22,869.51,2023,8,22,3
2023-08-23,866.97,2023,8,23,3
2023-08-24,860.97,2023,8,24,3
2023-08-25,854.77,2023,8,25,3
2023-08-28,843.08,2023,8,28,3
2023-08-29,848.86,2023,8,29,3
2023-08-30,857.59,2023,8,30,3
2023-08-31,854.22,2023,8,31,3
2023-09-01,853.86,2023,9,1,3
2023-09-04,850.57,2023,9,4,3
2023-09-05,854.99,2023,9,5,3
2023-09-06,869.67,2023,9,6,3
2023-09-07,872.92,2023,9,7,3
2023-09-08,879.77,2023,9,8,3
2023-09-11,892.68,2023,9,11,3
2023-09-12,890.81,2023,9,12,3
2023-09-13,897.17,2023,9,13,3
2023-09-14,888.34,2023,9,14,3
2023-09-15,885.84,2023,9,15,3
2023-09-20,887.89,2023,9,20,3
2023-09-21,882.31,2023,9,21,3
2023-09-22,891.73,2023,9,22,3
2023-09-25,889.21,2023,9,25,3
2023-09-26,900.14,2023,9,26,3
2023-09-27,904.31,2023,9,27,3
2023-09-28,904.62,2023,9,28,3
2023-09-29,906.84,2023,9,29,3
2023-10-02,895.6,2023,10,2,4
2023-10-03,902.26,2023,10,3,4
2023-10-04,914.3,2023,10,4,4
2023-10-05,913.26,2023,10,5,4
2023-10-06,917.34,2023,10,6,4
2023-10-10,919.42,2023,10,10,4
2023-10-11,927.07,2023,10,11,4
2023-10-12,924.81,2023,10,12,4
2023-10-13,933.45,2023,10,13,4
2023-10-16,942.04,2023,10,16,4
2023-10-17,942.8,2023,10,17,4
2023-10-18,945.61,2023,10,18,4
2023-10-19,937.21,2023,10,19,4
2023-10-20,940.46,2023,10,20,4
2023-10-23,942.42,2023,10,23,4
2023-10-24,938.26,2023,10,24,4
2023-10-25,929.05,2023,10,25,4
2023-10-26,922.89,2023,10,26,4
2023-10-30,928.41,2023,10,30,4
2023-10-31,910.28,2023,10,31,4
2023-11-02,899.44,2023,11,2,4
2023-11-03,889.74,2023,11,3,4
2023-11-06,881.3,2023,11,6,4
2023-11-07,879.78,2023,11,7,4
2023-11-08,886.28,2023,11,8,4
2023-11-09,896.0,2023,11,9,4
2023-11-10,902.89,2023,11,10,4
2023-11-13,916.58,2023,11,13,4
2023-11-14,921.65,2023,11,14,4
2023-11-15,907.36,2023,11,15,4
2023-11-16,890.18,2023,11,16,4
2023-11-17,881.17,2023,11,17,4
2023-11-20,884.36,2023,11,20,4
2023-11-21,878.99,2023,11,21,4
2023-11-22,873.7,2023,11,22,4
2023-11-23,874.86,2023,11,23,4
2023-11-24,871.37,2023,11,24,4
2023-11-27,873.89,2023,11,27,4
2023-11-28,872.03,2023,11,28,4
2023-11-29,869.47,2023,11,29,4
2023-11-30,867.86,2023,11,30,4
2023-12-01,869.56,2023,12,1,4
2023-12-04,862.86,2023,12,4,4
2023-12-05,862.08,2023,12,5,4
2023-12-06,874.25,2023,12,6,4
2023-12-07,874.42,2023,12,7,4
2023-12-11,868.01,2023,12,11,4
2023-12-12,880.0,2023,12,12,4
2023-12-13,880.62,2023,12,13,4
2023-12-14,876.77,2023,12,14,4
2023-12-15,866.37,2023,12,15,4
2023-12-18,872.59,2023,12,18,4
2023-12-19,875.48,2023,12,19,4
2023-12-20,863.23,2023,12,20,4
2023-12-21,868.77,2023,12,21,4
2023-12-22,872.95,2023,12,22,4
2023-12-26,883.99,2023,12,26,4
2023-12-27,895.77,2023,12,27,4
2023-12-28,886.34,2023,12,28,4
2023-12-29,884.59,2023,12,29,4
2024-01-02,877.12,2024,1,2,1
2024-01-03,880.92,2024,1,3,1
2024-01-04,884.39,2024,1,4,1
2024-01-05,884.45,2024,1,5,1
2024-01-08,893.07,2024,1,8,1
2024-01-09,901.31,2024,1,9,1
2024-01-10,914.71,2024,1,10,1
2024-01-11,919.07,2024,1,11,1
2024-01-12,911.37,2024,1,12,1
2024-01-15,908.67,2024,1,15,1
2024-01-16,912.02,2024,1,16,1
2024-01-17,922.06,2024,1,17,1
2024-01-18,926.77,2024,1,18,1
2024-01-19,918.62,2024,1,19,1
2024-01-22,910.73,2024,1,22,1
2024-01-23,905.63,2024,1,23,1
2024-01-24,908.87,2024,1,24,1
2024-01-25,908.51,2024,1,25,1
2024-01-26,910.97,2024,1,26,1
2024-01-29,916.16,2024,1,29,1
2024-01-30,927.63,2024,1,30,1
2024-01-31,932.66,2024,1,31,1
2024-02-01,932.26,2024,2,1,1
2024-02-02,936.01,2024,2,2,1
2024-02-05,943.84,2024,2,5,1
2024-02-06,955.73,2024,2,6,1
2024-02-07,949.81,2024,2,7,1
2024-02-08,947.9,2024,2,8,1
2024-02-09,957.86,2024,2,9,1
2024-02-12,968.73,2024,2,12,1
2024-02-13,972.22,2024,2,13,1
2024-02-14,971.56,2024,2,14,1
2024-02-15,959.86,2024,2,15,1
2024-02-16,961.94,2024,2,16,1
2024-02-19,969.04,2024,2,19,1
2024-02-20,966.23,2024,2,20,1
2024-02-21,963.68,2024,2,21,1
2024-02-22,967.52,2024,2,22,1
2024-02-23,972.77,2024,2,23,1
2024-02-26,983.76,2024,2,26,1
2024-02-27,986.85,2024,2,27,1
2024-02-28,984.53,2024,2,28,1
2024-02-29,980.19,2024,2,29,1
2024-03-01,969.91,2024,3,1,1
2024-03-04,966.41,2024,3,4,1
2024-03-05,971.92,2024,3,5,1
2024-03-06,976.36,2024,3,6,1
2024-03-07,981.26,2024,3,7,1
2024-03-08,983.8,2024,3,8,1
2024-03-11,964.95,2024,3,11,1
2024-03-12,966.29,2024,3,12,1
2024-03-13,965.18,2024,3,13,1
2024-03-14,948.88,2024,3,14,1
2024-03-15,945.56,2024,3,15,1
2024-03-18,941.42,2024,3,18,1
2024-03-19,945.11,2024,3,19,1
2024-03-20,962.06,2024,3,20,1
2024-03-21,975.91,2024,3,21,1
2024-03-22,971.54,2024,3,22,1
2024-03-25,980.24,2024,3,25,1
2024-03-26,977.76,2024,3,26,1
2024-03-27,981.71,2024,3,27,1
2024-03-28,982.38,2024,3,28,1
2024-04-01,981.71,2024,4,1,2
2024-04-02,982.59,2024,4,2,2
2024-04-03,979.96,2024,4,3,2
2024-04-04,962.83,2024,4,4,2
2024-04-05,942.72,2024,4,5,2
2024-04-08,948.92,2024,4,8,2
2024-04-09,946.71,2024,4,9,2
2024-04-10,940.61,2024,4,10,2
2024-04-11,953.51,2024,4,11,2
2024-04-12,957.03,2024,4,12,2
2024-04-15,964.59,2024,4,15,2
2024-04-16,978.07,2024,4,16,2
2024-04-17,985.05,2024,4,17,2
2024-04-18,974.97,2024,4,18,2
2024-04-19,968.44,2024,4,19,2
2024-04-22,956.32,2024,4,22,2
2024-04-23,953.75,2024,4,23,2
2024-04-24,950.77,2024,4,24,2
2024-04-25,954.58,2024,4,25,2
2024-04-26,948.61,2024,4,26,2
2024-04-29,947.68,2024,4,29,2
2024-04-30,943.62,2024,4,30,2
2024-05-02,954.25,2024,5,2,2
2024-05-03,954.36,2024,5,3,2
2024-05-06,938.29,2024,5,6,2
2024-05-07,930.17,2024,5,7,2
2024-05-08,934.29,2024,5,8,2
2024-05-09,936.76,2024,5,9,2
2024-05-10,930.99,2024,5,10,2
2024-05-13,922.0,2024,5,13,2
2024-05-14,922.1,2024,5,14,2
2024-05-15,916.87,2024,5,15,2
2024-05-16,909.06,2024,5,16,2
2024-05-17,901.53,2024,5,17,2
2024-05-20,897.11,2024,5,20,2
2024-05-22,886.79,2024,5,22,2
2024-05-23,904.67,2024,5,23,2
2024-05-24,908.95,2024,5,24,2
2024-05-27,903.17,2024,5,27,2
2024-05-28,900.28,2024,5,28,2
2024-05-29,898.13,2024,5,29,2
2024-05-30,907.67,2024,5,30,2
2024-05-31,917.98,2024,5,31,2
2024-06-03,916.77,2024,6,3,2
2024-06-04,907.94,2024,6,4,2
2024-06-05,905.37,2024,6,5,2
2024-06-06,906.25,2024,6,6,2
2024-06-07,910.45,2024,6,7,2
2024-06-10,916.84,2024,6,10,2
2024-06-11,923.24,2024,6,11,2
2024-06-12,924.18,2024,6,12,2
2024-06-13,914.86,2024,6,13,2
2024-06-14,919.49,2024,6,14,2
2024-06-17,928.47,2024,6,17,2
2024-06-18,938.68,2024,6,18,2
2024-06-19,934.91,2024,6,19,2
2024-06-21,927.92,2024,6,21,2
2024-06-24,937.34,2024,6,24,2
2024-06-25,941.72,2024,6,25,2
2024-06-26,942.31,2024,6,26,2
2024-06-27,947.78,2024,6,27,2
2024-06-28,951.02,2024,6,28,2
2024-07-01,944.34,2024,7,1,3
2024-07-02,943.89,2024,7,2,3
2024-07-03,946.99,2024,7,3,3
2024-07-04,939.57,2024,7,4,3
2024-07-05,936.55,2024,7,5,3
2024-07-08,933.51,2024,7,8,3
2024-07-09,939.17,2024,7,9,3
2024-07-10,932.31,2024,7,10,3
2024-07-11,918.86,2024,7,11,3
2024-07-12,908.92,2024,7,12,3
2024-07-15,910.14,2024,7,15,3
2024-07-17,910.79,2024,7,17,3
2024-07-18,921.91,2024,7,18,3
2024-07-19,940.15,2024,7,19,3
2024-07-22,943.77,2024,7,22,3
2024-07-23,949.1,2024,7,23,3
2024-07-24,946.69,2024,7,24,3
2024-07-25,948.79,2024,7,25,3
2024-07-26,947.39,2024,7,26,3
2024-07-29,950.29,2024,7,29,3
2024-07-30,956.63,2024,7,30,3
2024-07-31,956.58,2024,7,31,3
2024-08-01,943.78,2024,8,1,3
2024-08-02,938.94,2024,8,2,3
2024-08-05,951.11,2024,8,5,3
2024-08-06,957.57,2024,8,6,3
2024-08-07,947.18,2024,8,7,3
2024-08-08,943.96,2024,8,8,3
2024-08-09,937.18,2024,8,9,3
2024-08-12,932.62,2024,8,12,3
2024-08-13,931.96,2024,8,13,3
2024-08-14,932.28,2024,8,14,3
2024-08-16,931.39,2024,8,16,3
2024-08-19,933.84,2024,8,19,3
2024-08-20,929.36,2024,8,20,3
2024-08-21,922.58,2024,8,21,3
2024-08-22,918.97,2024,8,22,3
2024-08-23,919.94,2024,8,23,3
2024-08-26,911.01,2024,8,26,3
2024-08-27,907.35,2024,8,27,3
2024-08-28,907.32,2024,8,28,3
2024-08-29,912.08,2024,8,29,3
2024-08-30,917.38,2024,8,30,3
2024-09-02,913.99,2024,9,2,3
2024-09-03,915.14,2024,9,3,3
2024-09-04,926.22,2024,9,4,3
2024-09-05,937.86,2024,9,5,3
2024-09-06,941.54,2024,9,6,3
2024-09-09,943.18,2024,9,9,3
2024-09-10,946.22,2024,9,10,3
2024-09-11,948.85,2024,9,11,3
2024-09-12,943.44,2024,9,12,3
2024-09-13,933.57,2024,9,13,3
2024-09-16,925.61,2024,9,16,3
2024-09-17,923.37,2024,9,17,3
2024-09-23,927.15,2024,9,23,3
2024-09-24,924.81,2024,9,24,3
2024-09-25,911.51,2024,9,25,3
2024-09-26,912.24,2024,9,26,3
2024-09-27,900.91,2024,9,27,3
2024-09-30,896.25,2024,9,30,3
2024-10-01,897.68,2024,10,1,4
2024-10-02,901.13,2024,10,2,4
2024-10-03,908.23,2024,10,3,4
2024-10-04,919.49,2024,10,4,4
2024-10-07,923.74,2024,10,7,4
2024-10-08,925.86,2024,10,8,4
2024-10-09,933.62,2024,10,9,4
2024-10-10,934.84,2024,10,10,4
2024-10-11,931.26,2024,10,11,4
2024-10-14,926.07,2024,10,14,4
2024-10-15,928.37,2024,10,15,4
2024-10-16,937.29,2024,10,16,4
2024-10-17,941.3,2024,10,17,4
2024-10-18,945.01,2024,10,18,4
2024-10-21,946.99,2024,10,21,4
2024-10-22,954.39,2024,10,22,4
2024-10-23,949.0,2024,10,23,4
2024-10-24,948.2,2024,10,24,4
2024-10-25,945.29,2024,10,25,4
2024-10-28,949.34,2024,10,28,4
2024-10-29,945.88,2024,10,29,4
2024-10-30,950.89,2024,10,30,4
2024-11-04,961.29,2024,11,4,4
2024-11-05,956.54,2024,11,5,4
2024-11-06,954.9,2024,11,6,4
2024-11-07,968.6,2024,11,7,4
2024-11-08,950.99,2024,11,8,4
2024-11-11,963.09,2024,11,11,4
2024-11-12,980.47,2024,11,12,4
2024-11-13,983.76,2024,11,13,4
2024-11-14,981.61,2024,11,14,4
2024-11-15,975.44,2024,11,15,4
2024-11-18,974.51,2024,11,18,4
2024-11-19,976.86,2024,11,19,4
2024-11-20,973.21,2024,11,20,4
2024-11-21,972.68,2024,11,21,4
2024-11-22,971.29,2024,11,22,4
2024-11-25,982.08,2024,11,25,4
2024-11-26,976.89,2024,11,26,4
2024-11-27,975.06,2024,11,27,4
2024-11-28,975.41,2024,11,28,4
2024-11-29,977.32,2024,11,29,4
2024-12-02,977.66,2024,12,2,4
2024-12-03,979.1,2024,12,3,4
2024-12-04,972.75,2024,12,4,4
2024-12-05,974.37,2024,12,5,4
2024-12-06,971.65,2024,12,6,4
2024-12-09,971.62,2024,12,9,4
2024-12-10,969.92,2024,12,10,4
2024-12-11,972.43,2024,12,11,4
2024-12-12,975.81,2024,12,12,4
2024-12-13,975.67,2024,12,13,4
2024-12-16,983.25,2024,12,16,4
2024-12-17,989.93,2024,12,17,4
2024-12-18,990.87,2024,12,18,4
2024-12-19,988.44,2024,12,19,4
2024-12-20,996.35,2024,12,20,4
2024-12-23,991.18,2024,12,23,4
2024-12-24,992.78,2024,12,24,4
2024-12-26,989.07,2024,12,26,4
2024-12-27,990.95,2024,12,27,4
2024-12-30,992.12,2024,12,30,4
2025-01-02,996.46,2025,1,2,1
2025-01-03,999.84,2025,1,3,1
2025-01-06,1011.82,2025,1,6,1
2025-01-07,1010.98,2025,1,7,1
2025-01-08,1005.85,2025,1,8,1
2025-01-09,1007.51,2025,1,9,1
2025-01-10,1003.92,2025,1,10,1
2025-01-13,1009.2,2025,1,13,1
2025-01-14,1012.76,2025,1,14,1
2025-01-15,1004.67,2025,1,15,1
2025-01-16,1001.93,2025,1,16,1
2025-01-17,1010.68,2025,1,17,1
2025-01-20,1012.36,2025,1,20,1
2025-01-21,1001.93,2025,1,21,1
2025-01-22,1002.14,2025,1,22,1
2025-01-23,995.22,2025,1,23,1
2025-01-24,989.83,2025,1,24,1
2025-01-27,982.95,2025,1,27,1
2025-01-28,985.64,2025,1,28,1
2025-01-29,992.07,2025,1,29,1
2025-01-30,990.94,2025,1,30,1
2025-01-31,988.1,2025,1,31,1
2025-02-03,984.22,2025,2,3,1
2025-02-04,987.12,2025,2,4,1
2025-02-05,977.58,2025,2,5,1
2025-02-06,969.47,2025,2,6,1
2025-02-07,967.59,2025,2,7,1
2025-02-10,960.6,2025,2,10,1
2025-02-11,960.81,2025,2,11,1
2025-02-12,961.89,2025,2,12,1
2025-02-13,956.63,2025,2,13,1
2025-02-14,949.52,2025,2,14,1
2025-02-17,939.54,2025,2,17,1
2025-02-18,947.13,2025,2,18,1
2025-02-19,950.43,2025,2,19,1
2025-02-20,951.78,2025,2,20,1
2025-02-21,944.65,2025,2,21,1
2025-02-24,942.52,2025,2,24,1
2025-02-25,946.96,2025,2,25,1
2025-02-26,940.99,2025,2,26,1
2025-02-27,941.76,2025,2,27,1
2025-02-28,951.21,2025,2,28,1
2025-03-03,954.22,2025,3,3,1
2025-03-04,953.11,2025,3,4,1
2025-03-05,948.87,2025,3,5,1
2025-03-06,936.7,2025,3,6,1
2025-03-07,926.52,2025,3,7,1
2025-03-10,928.25,2025,3,10,1
2025-03-11,931.13,2025,3,11,1
2025-03-12,937.45,2025,3,12,1
2025-03-13,932.28,2025,3,13,1
2025-03-14,940.2,2025,3,14,1
2025-03-17,932.36,2025,3,17,1
2025-03-18,923.32,2025,3,18,1
2025-03-19,917.97,2025,3,19,1
2025-03-20,917.76,2025,3,20,1
2025-03-21,926.15,2025,3,21,1
2025-03-24,932.14,2025,3,24,1
2025-03-25,926.41,2025,3,25,1
2025-03-26,919.92,2025,3,26,1
2025-03-27,920.98,2025,3,27,1
2025-03-28,931.75,2025,3,28,1
2025-03-31,946.1,2025,3,31,1
2025-04-01,953.07,2025,4,1,2
2025-04-02,946.28,2025,4,2,2
2025-04-03,949.83,2025,4,3,2
2025-04-04,946.59,2025,4,4,2
2025-04-07,975.82,2025,4,7,2
2025-04-08,990.68,2025,4,8,2
2025-04-09,993.89,2025,4,9,2
2025-04-10,1000.01,2025,4,10,2
2025-04-11,988.97,2025,4,11,2
2025-04-14,978.09,2025,4,14,2
2025-04-15,966.07,2025,4,15,2
2025-04-16,967.15,2025,4,16,2
2025-04-17,969.23,2025,4,17,2
2025-04-21,968.71,2025,4,21,2
2025-04-22,961.14,2025,4,22,2
2025-04-23,950.04,2025,4,23,2
2025-04-24,938.02,2025,4,24,2
2025-04-25,937.81,2025,4,25,2
2025-04-28,936.74,2025,4,28,2
2025-04-29,937.54,2025,4,29,2
2025-04-30,945.42,2025,4,30,2
2025-05-02,955.67,2025,5,2,2
2025-05-05,940.95,2025,5,5,2
2025-05-06,940.18,2025,5,6,2
2025-05-07,939.67,2025,5,7,2
2025-05-08,945.44,2025,5,8,2
2025-05-09,941.22,2025,5,9,2
2025-05-12,933.26,2025,5,12,2
2025-05-13,941.2,2025,5,13,2
2025-05-14,940.18,2025,5,14,2
2025-05-15,939.43,2025,5,15,2
2025-05-16,940.25,2025,5,16,2
2025-05-19,944.46,2025,5,19,2
2025-05-20,936.69,2025,5,20,2
2025-05-22,942.21,2025,5,22,2
2025-05-23,944.84,2025,5,23,2
2025-05-26,940.81,2025,5,26,2
2025-05-27,938.28,2025,5,27,2
2025-05-28,937.93,2025,5,28,2
2025-05-29,940.21,2025,5,29,2
2025-05-30,937.37,2025,5,30,2
2025-06-02,941.97,2025,6,2,2
2025-06-03,939.65,2025,6,3,2
2025-06-04,941.53,2025,6,4,2
2025-06-05,936.89,2025,6,5,2
2025-06-06,930.79,2025,6,6,2
2025-06-09,933.91,2025,6,9,2
2025-06-10,937.09,2025,6,10,2
2025-06-11,938.88,2025,6,11,2
2025-06-12,936.36,2025,6,12,2
2025-06-13,930.25,2025,6,13,2
2025-06-16,937.78,2025,6,16,2
2025-06-17,935.21,2025,6,17,2
2025-06-18,939.29,2025,6,18,2
2025-06-19,943.36,2025,6,19,2
2025-06-23,947.03,2025,6,23,2
2025-06-24,950.16,2025,6,24,2
2025-06-25,937.89,2025,6,25,2
2025-06-26,936.29,2025,6,26,2
2025-06-27,930.67,2025,6,27,2
2025-06-30,935.74,2025,6,30,2
2025-07-01,933.42,2025,7,1,3
2025-07-02,926.62,2025,7,2,3
2025-07-03,926.51,2025,7,3,3
2025-07-04,927.87,2025,7,4,3
2025-07-07,932.34,2025,7,7,3
2025-07-08,940.28,2025,7,8,3
2025-07-09,945.39,2025,7,9,3
2025-07-10,948.33,2025,7,10,3
2025-07-11,950.43,2025,7,11,3
2025-07-14,955.73,2025,7,14,3
2025-07-15,967.22,2025,7,15,3
2025-07-17,965.65,2025,7,17,3
2025-07-18,966.78,2025,7,18,3
2025-07-21,961.55,2025,7,21,3
2025-07-22,956.65,2025,7,22,3
2025-07-23,953.4,2025,7,23,3
2025-07-24,948.93,2025,7,24,3
2025-07-25,951.27,2025,7,25,3
2025-07-28,957.82,2025,7,28,3
2025-07-29,969.75,2025,7,29,3
2025-07-30,970.09,2025,7,30,3
2025-07-31,978.07,2025,7,31,3
2025-08-01,976.8,2025,8,1,3
2025-08-04,967.48,2025,8,4,3
2025-08-05,964.28,2025,8,5,3
2025-08-06,966.02,2025,8,6,3
2025-08-07,976.42,2025,8,7,3
2025-08-08,971.88,2025,8,8,3
2025-08-11,965.64,2025,8,11,3
2025-08-12,969.77,2025,8,12,3
2025-08-13,962.28,2025,8,13,3
2025-08-14,952.37,2025,8,14,3
2025-08-18,961.84,2025,8,18,3
2025-08-19,966.24,2025,8,19,3
2025-08-20,963.57,2025,8,20,3
2025-08-21,965.06,2025,8,21,3
2025-08-22,968.63,2025,8,22,3
2025-08-25,964.15,2025,8,25,3
2025-08-26,962.51,2025,8,26,3
2025-08-27,965.01,2025,8,27,3
2025-08-28,968.64,2025,8,28,3
2025-08-29,967.48,2025,8,29,3
2025-09-01,965.28,2025,9,1,3
2025-09-02,968.35,2025,9,2,3
2025-09-03,974.13,2025,9,3,3
2025-09-04,969.46,2025,9,4,3
2025-09-05,971.22,2025,9,5,3
2025-09-08,964.58,2025,9,8,3
2025-09-09,967.07,2025,9,9,3
2025-09-10,966.35,2025,9,10,3
2025-09-11,962.73,2025,9,11,3
2025-09-12,955.47,2025,9,12,3
2025-09-15,954.58,2025,9,15,3
2025-09-16,951.14,2025,9,16,3
2025-09-17,948.57,2025,9,17,3
2025-09-22,951.03,2025,9,22,3
2025-09-23,954.72,2025,9,23,3
2025-09-24,952.87,2025,9,24,3
2025-09-25,953.24,2025,9,25,3
2025-09-26,956.42,2025,9,26,3
2025-09-29,958.9,2025,9,29,3
2025-09-30,961.24,2025,9,30,3
2025-10-01,962.39,2025,10,1,4
2025-10-02,959.19,2025,10,2,4
2025-10-03,961.54,2025,10,3,4
2025-10-06,963.17,2025,10,6,4
2025-10-07,963.09,2025,10,7,4
2025-10-08,961.61,2025,10,8,4
2025-10-09,951.45,2025,10,9,4
2025-10-10,948.77,2025,10,10,4
2025-10-13,954.37,2025,10,13,4
2025-10-14,957.66,2025,10,14,4
2025-10-15,963.69,2025,10,15,4
2025-10-16,959.36,2025,10,16,4
2025-10-17,956.13,2025,10,17,4
2025-10-20,960.34,2025,10,20,4
2025-10-21,953.21,2025,10,21,4
2025-10-22,951.78,2025,10,22,4
2025-10-23,950.46,2025,10,23,4
2025-10-24,945.34,2025,10,24,4
2025-10-27,943.47,2025,10,27,4
2025-10-28,938.19,2025,10,28,4
2025-10-29,941.63,2025,10,29,4
2025-10-30,940.57,2025,10,30,4
2025-11-03,943.69,2025,11,3,4
2025-11-04,940.53,2025,11,4,4
2025-11-05,945.13,2025,11,5,4
2025-11-06,945.6,2025,11,6,4
2025-11-07,940.84,2025,11,7,4
2025-11-10,946.24,2025,11,10,4
2025-11-11,940.85,2025,11,11,4
2025-11-12,936.89,2025,11,12,4
2025-11-13,932.37,2025,11,13,4
2025-11-14,925.63,2025,11,14,4
2025-11-17,932.63,2025,11,17,4
2025-11-18,919.82,2025,11,18,4
2025-11-19,929.26,2025,11,19,4
2025-11-20,931.36,2025,11,20,4
2025-11-21,929.0,2025,11,21,4
2025-11-24,937.36,2025,11,24,4
2025-11-25,939.57,2025,11,25,4
2025-11-26,937.15,2025,11,26,4
2025-11-27,930.89,2025,11,27,4
2025-11-28,929.14,2025,11,28,4
2025-12-01,928.16,2025,12,1,4
2025-12-02,927.95,2025,12,2,4
2025-12-03,925.37,2025,12,3,4
2025-12-04,919.46,2025,12,4,4
2025-12-05,918.15,2025,12,5,4
2025-12-09,920.02,2025,12,9,4
2025-12-10,926.89,2025,12,10,4
2025-12-11,923.99,2025,12,11,4
2025-12-12,916.9,2025,12,12,4
2025-12-15,912.66,2025,12,15,4
2025-12-16,912.03,2025,12,16,4
2025-12-17,913.74,2025,12,17,4
2025-12-18,917.45,2025,12,18,4
2025-12-19,914.99,2025,12,19,4
2025-12-22,909.9,2025,12,22,4
2025-12-23,908.4,2025,12,23,4
2025-12-24,906.44,2025,12,24,4
2025-12-26,905.04,2025,12,26,4
2025-12-29,904.54,2025,12,29,4
2025-12-30,911.18,2025,12,30,4
2026-01-02,907.13,2026,1,2,1
2026-01-05,901.55,2026,1,5,1
2026-01-06,905.14,2026,1,6,1
2026-01-07,896.82,2026,1,7,1
2026-01-08,895.33,2026,1,8,1
2026-01-09,896.89,2026,1,9,1
2026-01-12,895.54,2026,1,12,1
2026-01-13,885.71,2026,1,13,1
2026-01-14,883.96,2026,1,14,1
2026-01-15,882.74,2026,1,15,1
2026-01-16,884.57,2026,1,16,1
2026-01-19,887.01,2026,1,19,1
2026-01-20,888.66,2026,1,20,1
2026-01-21,889.54,2026,1,21,1
2026-01-22,878.21,2026,1,22,1
2026-01-23,872.22,2026,1,23,1
2026-01-26,870.71,2026,1,26,1
2026-01-27,862.98,2026,1,27,1
2026-01-28,862.17,2026,1,28,1
2026-01-29,857.95,2026,1,29,1
2026-01-30,858.45,2026,1,30,1
2026-02-02,865.1,2026,2,2,1
2026-02-03,868.52,2026,2,3,1
2026-02-04,859.53,2026,2,4,1
2026-02-05,857.59,2026,2,5,1
2026-02-06,865.67,2026,2,6,1
2026-02-09,859.66,2026,2,9,1
2026-02-10,854.25,2026,2,10,1
2026-02-11,856.06,2026,2,11,1
2026-02-12,856.38,2026,2,12,1
2026-02-13,854.41,2026,2,13,1
2026-02-16,863.5,2026,2,16,1
2026-02-17,862.91,2026,2,17,1
2026-02-18,868.24,2026,2,18,1
2026-02-19,863.29,2026,2,19,1
2026-02-20,866.74,2026,2,20,1
2026-02-23,867.13,2026,2,23,1
2026-02-24,867.29,2026,2,24,1
2026-02-25,865.36,2026,2,25,1
2026-02-26,857.58,2026,2,26,1
2026-02-27,861.19,2026,2,27,1
2026-03-02,871.41,2026,3,2,1
2026-03-03,884.21,2026,3,3,1
2026-03-04,906.32,2026,3,4,1
2026-03-05,895.14,2026,3,5,1
2026-03-06,907.66,2026,3,6,1
2026-03-09,921.76,2026,3,9,1
2026-03-10,916.36,2026,3,10,1
2026-03-11,893.69,2026,3,11,1
2026-03-12,895.86,2026,3,12,1
2026-03-13,909.94,2026,3,13,1
2026-03-16,913.98,2026,3,16,1
2026-03-17,909.11,2026,3,17,1
2026-03-18,906.15,2026,3,18,1
2026-03-19,912.41,2026,3,19,1
2026-03-20,920.52,2026,3,20,1
2026-03-23,923.67,2026,3,23,1
2026-03-24,915.15,2026,3,24,1
2026-03-25,915.76,2026,3,25,1
2026-03-26,913.83,2026,3,26,1
2026-03-27,923.25,2026,3,27,1
2026-03-30,929.9,2026,3,30,1
2026-03-31,931.57,2026,3,31,1
2026-04-01,927.46,2026,4,1,2
2026-04-02,915.95,2026,4,2,2
2026-04-06,922.17,2026,4,6,2
2026-04-07,914.47,2026,4,7,2
2026-04-08,922.59,2026,4,8,2
2026-04-09,895.28,2026,4,9,2
2026-04-10,894.17,2026,4,10,2
2026-04-13,890.33,2026,4,13,2
2026-04-14,899.39,2026,4,14,2
2026-04-15,886.97,2026,4,15,2
2026-04-16,886.09,2026,4,16,2
2026-04-17,886.32,2026,4,17,2
2026-04-20,876.32,2026,4,20,2
2026-04-21,881.22,2026,4,21,2
2026-04-22,887.79,2026,4,22,2
2026-04-23,889.87,2026,4,23,2
2026-04-24,892.18,2026,4,24,2
2026-04-27,895.07,2026,4,27,2
2026-04-28,894.18,2026,4,28,2
2026-04-29,896.03,2026,4,29,2
2026-04-30,901.76,2026,4,30,2
2026-05-04,903.05,2026,5,4,2
2026-05-05,910.01,2026,5,5,2
2026-05-06,905.36,2026,5,6,2
2026-05-07,892.83,2026,5,7,2
2026-05-08,887.71,2026,5,8,2
2026-05-11,890.89,2026,5,11,2
2026-05-12,894.25,2026,5,12,2
2026-05-13,899.91,2026,5,13,2
2026-05-14,889.19,2026,5,14,2
2026-05-15,891.0,2026,5,15,2
2026-05-18,906.68,2026,5,18,2
2026-05-19,901.59,2026,5,19,2
2026-05-20,907.51,2026,5,20,2
2026-05-22,899.68,2026,5,22,2
2026-05-25,899.86,2026,5,25,2
2026-05-26,893.25,2026,5,26,2
2026-05-27,894.67,2026,5,27,2
2026-05-28,894.79,2026,5,28,2
2026-05-29,892.89,2026,5,29,2
2026-06-01,890.64,2026,6,1,2
2026-06-02,892.91,2026,6,2,2
2026-06-03,888.36,2026,6,3,2
2026-06-04,894.29,2026,6,4,2
2026-06-05,894.99,2026,6,5,2
2026-06-08,910.29,2026,6,8,2
2026-06-09,918.91,2026,6,9,2
2026-06-10,916.39,2026,6,10,2
2026-06-11,915.97,2026,6,11,2
2026-06-12,909.02,2026,6,12,2
2026-06-15,899.3,2026,6,15,2
2026-06-16,890.13,2026,6,16,2
2026-06-17,886.53,2026,6,17,2
2026-06-18,883.46,2026,6,18,2
2026-06-19,897.19,2026,6,19,2
2026-06-22,900.6,2026,6,22,2
2026-06-23,905.78,2026,6,23,2
2026-06-24,915.58,2026,6,24,2
2026-06-25,921.42,2026,6,25,2
2026-06-26,916.97,2026,6,26,2
2026-06-30,922.34,2026,6,30,2
2026-07-01,922.21,2026,7,1,3
2026-07-02,927.35,2026,7,2,3
2026-07-03,921.7,2026,7,3,3
2026-07-06,921.74,2026,7,6,3
2026-07-07,926.25,2026,7,7,3
2026-07-08,927.36,2026,7,8,3
2026-07-09,935.71,2026,7,9,3
2026-07-10,928.99,2026,7,10,3
2026-07-13,924.94,2026,7,13,3
2026-07-14,928.84,2026,7,14,3
2026-07-15,924.78,2026,7,15,3
2026-07-17,924.5,2026,7,17,3
2026-07-20,933.92,2026,7,20,3
2026-07-21,933.0,2026,7,21,3
2026-07-22,932.84,2026,7,22,3
2026-07-23,936.39,2026,7,23,3
2026-07-24,946.24,2026,7,24,3
2026-07-27,946.14,2026,7,27,3
2026-07-28,941.93,2026,7,28,3
2026-07-29,936.16,2026,7,29,3
2026-07-30,935.57,2026,7,30,3
2026-07-31,924.78,2026,7,31,3
2026-08-03,928.42,2026,8,3,3
2026-08-04,924.89,2026,8,4,3
2026-08-05,914.46,2026,8,5,3
2026-08-06,911.58,2026,8,6,3
2026-08-07,913.86,2026,8,7,3
2026-08-10,911.77,2026,8,10,3
2026-08-11,916.3,2026,8,11,3
2026-08-12,914.41,2026,8,12,3
